"days_to_release","w_labour"
1,0.527761313793709
5,0.550567878691535
10,0.560289652986517
20,0.551586886246339
30,0.66867280197804
45,0.780747194574486
60,0.854920998162927
90,0.680812312344008
120,0.507313604643397
150,0.372653691366165
